Turbine ID,Wind Speed,Power Output
T1,8.833333333333334,783.3333333333334
T2,10.75,1025.0
T3,9.35,825.0
